Workbook

Sheet 📖 Read Me
B2: 💰 SMART BUDGET TRACKER
B5: Benvenuto/a! Questo file ti aiuta a controllare entrate, spese e risparmi in pochi minuti al mese.
B7: COME INIZIARE (3 passi)
B8: 1. Apri il foglio « ⚙️ Setup » e inserisci le tue categorie e gli obiettivi di budget mensili.
B9: 2. Ogni mese apri il foglio del mese (es. « Gennaio ») e registra entrate e spese reali.
B10: 3. Controlla il foglio « 📊 Dashboard »: i totali e i grafici si aggiornano da soli.
B12: COSA C'È DENTRO
B13: • Dashboard annuale automatica con grafico entrate vs spese
B14: • 12 fogli mensili con Budget vs Speso e differenza
B15: • Tasso di risparmio calcolato automaticamente
B16: • Tracker obiettivi di risparmio
B17: • Categorie e menu a tendina già pronti (personalizzabili)
... B24: Buon risparmio! — supporto: rispondi alla mail dell'ordine.

Sheet ⚙️ Setup
B2: ⚙️ Setup — personalizza qui
B4: Anno di riferimento | C4: 2026
B6: Categorie di SPESA | C6: Budget mensile (€) | E6: Fonti di ENTRATA
B7: Affitto/Mutuo | C7: 0 | E7: Stipendio
B8: Bollette | C8: 0 | E8: Entrate extra
B9: Spesa alimentare | C9: 0 | E9: Rimborsi
B10: Trasporti | C10: 0 | E10: Altro
B11: Salute | C11: 0
B12: Assicurazioni | C12: 0
B13: Abbonamenti | C13: 0
B14: Ristoranti/Bar | C14: 0
B15: Shopping | C15: 0
B16: Tempo libero | C16: 0
B17: Risparmio/Investimenti | C17: 0
B18: Altro | C18: 0
B19: TOTALE budget/mese | C19: =SUM(C7:C18)

Sheet 📊 Dashboard
B2: 📊 Dashboard annuale
B4: Mese | C4: Entrate | D4: Spese | E4: Risparmio
B5: Gennaio | C5: ='Gennaio'!D9 | D5: ='Gennaio'!D23 | E5: =C5-D5
B6: Febbraio | C6: ='Febbraio'!D9 | D6: ='Febbraio'!D23 | E6: =C6-D6
B7: Marzo | C7: ='Marzo'!D9 | D7: ='Marzo'!D23 | E7: =C7-D7
B8: Aprile | C8: ='Aprile'!D9 | D8: ='Aprile'!D23 | E8: =C8-D8
B9: Maggio | C9: ='Maggio'!D9 | D9: ='Maggio'!D23 | E9: =C9-D9
B10: Giugno | C10: ='Giugno'!D9 | D10: ='Giugno'!D23 | E10: =C10-D10
B11: Luglio | C11: ='Luglio'!D9 | D11: ='Luglio'!D23 | E11: =C11-D11
B12: Agosto | C12: ='Agosto'!D9 | D12: ='Agosto'!D23 | E12: =C12-D12
B13: Settembre | C13: ='Settembre'!D9 | D13: ='Settembre'!D23 | E13: =C13-D13
B14: Ottobre | C14: ='Ottobre'!D9 | D14: ='Ottobre'!D23 | E14: =C14-D14
B15: Novembre | C15: ='Novembre'!D9 | D15: ='Novembre'!D23 | E15: =C15-D15
B16: Dicembre | C16: ='Dicembre'!D9 | D16: ='Dicembre'!D23 | E16: =C16-D16
B17: TOTALE ANNO | C17: =SUM(C5:C16) | D17: =SUM(D5:D16) | E17: =SUM(E5:E16)

Sheet Gennaio
B2: Gennaio
B4: ENTRATE | C4: Pianificato | D4: Effettivo | G4: RIEPILOGO MESE
B5: Stipendio | C5: 0 | D5: 0 | G5: Entrate | H5: =D9
B6: Entrate extra | C6: 0 | D6: 0 | G6: Spese | H6: =D23
B7: Rimborsi | C7: 0 | D7: 0 | G7: Risparmio netto | H7: =D9-D23
B8: Altro | C8: 0 | D8: 0 | G8: Tasso di risparmio | H8: =IF(D9=0,0,(D9-D23)/D9)
B9: Totale entrate | C9: =SUM(C5:C8) | D9: =SUM(D5:D8)
B10: SPESE | C10: Budget | D10: Speso | E10: Differenza
B11: Affitto/Mutuo | C11: =Setup!C7 | D11: 0 | E11: =C11-D11
B12: Bollette | C12: =Setup!C8 | D12: 0 | E12: =C12-D12
B13: Spesa alimentare | C13: =Setup!C9 | D13: 0 | E13: =C13-D13
B14: Trasporti | C14: =Setup!C10 | D14: 0 | E14: =C14-D14
B15: Salute | C15: =Setup!C11 | D15: 0 | E15: =C15-D15
B16: Assicurazioni | C16: =Setup!C12 | D16: 0 | E16: =C16-D16
B17: Abbonamenti | C17: =Setup!C13 | D17: 0 | E17: =C17-D17
B18: Ristoranti/Bar | C18: =Setup!C14 | D18: 0 | E18: =C18-D18
B19: Shopping | C19: =Setup!C15 | D19: 0 | E19: =C19-D19
B20: Tempo libero | C20: =Setup!C16 | D20: 0 | E20: =C20-D20
B21: Risparmio/Investimenti | C21: =Setup!C17 | D21: 0 | E21: =C21-D21
B22: Altro | C22: =Setup!C18 | D22: 0 | E22: =C22-D22
B23: Totale spese | C23: =SUM(C11:C22) | D23: =SUM(D11:D22) | E23: =SUM(E11:E22)

Sheet Febbraio
B2: Febbraio
B4: ENTRATE | C4: Pianificato | D4: Effettivo | G4: RIEPILOGO MESE
B5: Stipendio | C5: 0 | D5: 0 | G5: Entrate | H5: =D9
B6: Entrate extra | C6: 0 | D6: 0 | G6: Spese | H6: =D23
B7: Rimborsi | C7: 0 | D7: 0 | G7: Risparmio netto | H7: =D9-D23
B8: Altro | C8: 0 | D8: 0 | G8: Tasso di risparmio | H8: =IF(D9=0,0,(D9-D23)/D9)
B9: Totale entrate | C9: =SUM(C5:C8) | D9: =SUM(D5:D8)
B10: SPESE | C10: Budget | D10: Speso | E10: Differenza
B11: Affitto/Mutuo | C11: =Setup!C7 | D11: 0 | E11: =C11-D11
B12: Bollette | C12: =Setup!C8 | D12: 0 | E12: =C12-D12
B13: Spesa alimentare | C13: =Setup!C9 | D13: 0 | E13: =C13-D13
B14: Trasporti | C14: =Setup!C10 | D14: 0 | E14: =C14-D14
B15: Salute | C15: =Setup!C11 | D15: 0 | E15: =C15-D15
B16: Assicurazioni | C16: =Setup!C12 | D16: 0 | E16: =C16-D16
B17: Abbonamenti | C17: =Setup!C13 | D17: 0 | E17: =C17-D17
B18: Ristoranti/Bar | C18: =Setup!C14 | D18: 0 | E18: =C18-D18
B19: Shopping | C19: =Setup!C15 | D19: 0 | E19: =C19-D19
B20: Tempo libero | C20: =Setup!C16 | D20: 0 | E20: =C20-D20
B21: Risparmio/Investimenti | C21: =Setup!C17 | D21: 0 | E21: =C21-D21
B22: Altro | C22: =Setup!C18 | D22: 0 | E22: =C22-D22
B23: Totale spese | C23: =SUM(C11:C22) | D23: =SUM(D11:D22) | E23: =SUM(E11:E22)

Sheet Marzo
B2: Marzo
B4: ENTRATE | C4: Pianificato | D4: Effettivo | G4: RIEPILOGO MESE
B5: Stipendio | C5: 0 | D5: 0 | G5: Entrate | H5: =D9
B6: Entrate extra | C6: 0 | D6: 0 | G6: Spese | H6: =D23
B7: Rimborsi | C7: 0 | D7: 0 | G7: Risparmio netto | H7: =D9-D23
B8: Altro | C8: 0 | D8: 0 | G8: Tasso di risparmio | H8: =IF(D9=0,0,(D9-D23)/D9)
B9: Totale entrate | C9: =SUM(C5:C8) | D9: =SUM(D5:D8)
B10: SPESE | C10: Budget | D10: Speso | E10: Differenza
B11: Affitto/Mutuo | C11: =Setup!C7 | D11: 0 | E11: =C11-D11
B12: Bollette | C12: =Setup!C8 | D12: 0 | E12: =C12-D12
B13: Spesa alimentare | C13: =Setup!C9 | D13: 0 | E13: =C13-D13
B14: Trasporti | C14: =Setup!C10 | D14: 0 | E14: =C14-D14
B15: Salute | C15: =Setup!C11 | D15: 0 | E15: =C15-D15
B16: Assicurazioni | C16: =Setup!C12 | D16: 0 | E16: =C16-D16
B17: Abbonamenti | C17: =Setup!C13 | D17: 0 | E17: =C17-D17
B18: Ristoranti/Bar | C18: =Setup!C14 | D18: 0 | E18: =C18-D18
B19: Shopping | C19: =Setup!C15 | D19: 0 | E19: =C19-D19
B20: Tempo libero | C20: =Setup!C16 | D20: 0 | E20: =C20-D20
B21: Risparmio/Investimenti | C21: =Setup!C17 | D21: 0 | E21: =C21-D21
B22: Altro | C22: =Setup!C18 | D22: 0 | E22: =C22-D22
B23: Totale spese | C23: =SUM(C11:C22) | D23: =SUM(D11:D22) | E23: =SUM(E11:E22)

Sheet Aprile
B2: Aprile
B4: ENTRATE | C4: Pianificato | D4: Effettivo | G4: RIEPILOGO MESE
B5: Stipendio | C5: 0 | D5: 0 | G5: Entrate | H5: =D9
B6: Entrate extra | C6: 0 | D6: 0 | G6: Spese | H6: =D23
B7: Rimborsi | C7: 0 | D7: 0 | G7: Risparmio netto | H7: =D9-D23
B8: Altro | C8: 0 | D8: 0 | G8: Tasso di risparmio | H8: =IF(D9=0,0,(D9-D23)/D9)
B9: Totale entrate | C9: =SUM(C5:C8) | D9: =SUM(D5:D8)
B10: SPESE | C10: Budget | D10: Speso | E10: Differenza
B11: Affitto/Mutuo | C11: =Setup!C7 | D11: 0 | E11: =C11-D11
B12: Bollette | C12: =Setup!C8 | D12: 0 | E12: =C12-D12
B13: Spesa alimentare | C13: =Setup!C9 | D13: 0 | E13: =C13-D13
B14: Trasporti | C14: =Setup!C10 | D14: 0 | E14: =C14-D14
B15: Salute | C15: =Setup!C11 | D15: 0 | E15: =C15-D15
B16: Assicurazioni | C16: =Setup!C12 | D16: 0 | E16: =C16-D16
B17: Abbonamenti | C17: =Setup!C13 | D17: 0 | E17: =C17-D17
B18: Ristoranti/Bar | C18: =Setup!C14 | D18: 0 | E18: =C18-D18
B19: Shopping | C19: =Setup!C15 | D19: 0 | E19: =C19-D19
B20: Tempo libero | C20: =Setup!C16 | D20: 0 | E20: =C20-D20
B21: Risparmio/Investimenti | C21: =Setup!C17 | D21: 0 | E21: =C21-D21
B22: Altro | C22: =Setup!C18 | D22: 0 | E22: =C22-D22
B23: Totale spese | C23: =SUM(C11:C22) | D23: =SUM(D11:D22) | E23: =SUM(E11:E22)

Sheet Maggio
B2: Maggio
B4: ENTRATE | C4: Pianificato | D4: Effettivo | G4: RIEPILOGO MESE
B5: Stipendio | C5: 0 | D5: 0 | G5: Entrate | H5: =D9
B6: Entrate extra | C6: 0 | D6: 0 | G6: Spese | H6: =D23
B7: Rimborsi | C7: 0 | D7: 0 | G7: Risparmio netto | H7: =D9-D23
B8: Altro | C8: 0 | D8: 0 | G8: Tasso di risparmio | H8: =IF(D9=0,0,(D9-D23)/D9)
B9: Totale entrate | C9: =SUM(C5:C8) | D9: =SUM(D5:D8)
B10: SPESE | C10: Budget | D10: Speso | E10: Differenza
B11: Affitto/Mutuo | C11: =Setup!C7 | D11: 0 | E11: =C11-D11
B12: Bollette | C12: =Setup!C8 | D12: 0 | E12: =C12-D12
B13: Spesa alimentare | C13: =Setup!C9 | D13: 0 | E13: =C13-D13
B14: Trasporti | C14: =Setup!C10 | D14: 0 | E14: =C14-D14
B15: Salute | C15: =Setup!C11 | D15: 0 | E15: =C15-D15
B16: Assicurazioni | C16: =Setup!C12 | D16: 0 | E16: =C16-D16
B17: Abbonamenti | C17: =Setup!C13 | D17: 0 | E17: =C17-D17
B18: Ristoranti/Bar | C18: =Setup!C14 | D18: 0 | E18: =C18-D18
B19: Shopping | C19: =Setup!C15 | D19: 0 | E19: =C19-D19
B20: Tempo libero | C20: =Setup!C16 | D20: 0 | E20: =C20-D20
B21: Risparmio/Investimenti | C21: =Setup!C17 | D21: 0 | E21: =C21-D21
B22: Altro | C22: =Setup!C18 | D22: 0 | E22: =C22-D22
B23: Totale spese | C23: =SUM(C11:C22) | D23: =SUM(D11:D22) | E23: =SUM(E11:E22)

Sheet Giugno
B2: Giugno
B4: ENTRATE | C4: Pianificato | D4: Effettivo | G4: RIEPILOGO MESE
B5: Stipendio | C5: 0 | D5: 0 | G5: Entrate | H5: =D9
B6: Entrate extra | C6: 0 | D6: 0 | G6: Spese | H6: =D23
B7: Rimborsi | C7: 0 | D7: 0 | G7: Risparmio netto | H7: =D9-D23
B8: Altro | C8: 0 | D8: 0 | G8: Tasso di risparmio | H8: =IF(D9=0,0,(D9-D23)/D9)
B9: Totale entrate | C9: =SUM(C5:C8) | D9: =SUM(D5:D8)
B10: SPESE | C10: Budget | D10: Speso | E10: Differenza
B11: Affitto/Mutuo | C11: =Setup!C7 | D11: 0 | E11: =C11-D11
B12: Bollette | C12: =Setup!C8 | D12: 0 | E12: =C12-D12
B13: Spesa alimentare | C13: =Setup!C9 | D13: 0 | E13: =C13-D13
B14: Trasporti | C14: =Setup!C10 | D14: 0 | E14: =C14-D14
B15: Salute | C15: =Setup!C11 | D15: 0 | E15: =C15-D15
B16: Assicurazioni | C16: =Setup!C12 | D16: 0 | E16: =C16-D16
B17: Abbonamenti | C17: =Setup!C13 | D17: 0 | E17: =C17-D17
B18: Ristoranti/Bar | C18: =Setup!C14 | D18: 0 | E18: =C18-D18
B19: Shopping | C19: =Setup!C15 | D19: 0 | E19: =C19-D19
B20: Tempo libero | C20: =Setup!C16 | D20: 0 | E20: =C20-D20
B21: Risparmio/Investimenti | C21: =Setup!C17 | D21: 0 | E21: =C21-D21
B22: Altro | C22: =Setup!C18 | D22: 0 | E22: =C22-D22
B23: Totale spese | C23: =SUM(C11:C22) | D23: =SUM(D11:D22) | E23: =SUM(E11:E22)

Sheet Luglio
B2: Luglio
B4: ENTRATE | C4: Pianificato | D4: Effettivo | G4: RIEPILOGO MESE
B5: Stipendio | C5: 0 | D5: 0 | G5: Entrate | H5: =D9
B6: Entrate extra | C6: 0 | D6: 0 | G6: Spese | H6: =D23
B7: Rimborsi | C7: 0 | D7: 0 | G7: Risparmio netto | H7: =D9-D23
B8: Altro | C8: 0 | D8: 0 | G8: Tasso di risparmio | H8: =IF(D9=0,0,(D9-D23)/D9)
B9: Totale entrate | C9: =SUM(C5:C8) | D9: =SUM(D5:D8)
B10: SPESE | C10: Budget | D10: Speso | E10: Differenza
B11: Affitto/Mutuo | C11: =Setup!C7 | D11: 0 | E11: =C11-D11
B12: Bollette | C12: =Setup!C8 | D12: 0 | E12: =C12-D12
B13: Spesa alimentare | C13: =Setup!C9 | D13: 0 | E13: =C13-D13
B14: Trasporti | C14: =Setup!C10 | D14: 0 | E14: =C14-D14
B15: Salute | C15: =Setup!C11 | D15: 0 | E15: =C15-D15
B16: Assicurazioni | C16: =Setup!C12 | D16: 0 | E16: =C16-D16
B17: Abbonamenti | C17: =Setup!C13 | D17: 0 | E17: =C17-D17
B18: Ristoranti/Bar | C18: =Setup!C14 | D18: 0 | E18: =C18-D18
B19: Shopping | C19: =Setup!C15 | D19: 0 | E19: =C19-D19
B20: Tempo libero | C20: =Setup!C16 | D20: 0 | E20: =C20-D20
B21: Risparmio/Investimenti | C21: =Setup!C17 | D21: 0 | E21: =C21-D21
B22: Altro | C22: =Setup!C18 | D22: 0 | E22: =C22-D22
B23: Totale spese | C23: =SUM(C11:C22) | D23: =SUM(D11:D22) | E23: =SUM(E11:E22)

Sheet Agosto
B2: Agosto
B4: ENTRATE | C4: Pianificato | D4: Effettivo | G4: RIEPILOGO MESE
B5: Stipendio | C5: 0 | D5: 0 | G5: Entrate | H5: =D9
B6: Entrate extra | C6: 0 | D6: 0 | G6: Spese | H6: =D23
B7: Rimborsi | C7: 0 | D7: 0 | G7: Risparmio netto | H7: =D9-D23
B8: Altro | C8: 0 | D8: 0 | G8: Tasso di risparmio | H8: =IF(D9=0,0,(D9-D23)/D9)
B9: Totale entrate | C9: =SUM(C5:C8) | D9: =SUM(D5:D8)
B10: SPESE | C10: Budget | D10: Speso | E10: Differenza
B11: Affitto/Mutuo | C11: =Setup!C7 | D11: 0 | E11: =C11-D11
B12: Bollette | C12: =Setup!C8 | D12: 0 | E12: =C12-D12
B13: Spesa alimentare | C13: =Setup!C9 | D13: 0 | E13: =C13-D13
B14: Trasporti | C14: =Setup!C10 | D14: 0 | E14: =C14-D14
B15: Salute | C15: =Setup!C11 | D15: 0 | E15: =C15-D15
B16: Assicurazioni | C16: =Setup!C12 | D16: 0 | E16: =C16-D16
B17: Abbonamenti | C17: =Setup!C13 | D17: 0 | E17: =C17-D17
B18: Ristoranti/Bar | C18: =Setup!C14 | D18: 0 | E18: =C18-D18
B19: Shopping | C19: =Setup!C15 | D19: 0 | E19: =C19-D19
B20: Tempo libero | C20: =Setup!C16 | D20: 0 | E20: =C20-D20
B21: Risparmio/Investimenti | C21: =Setup!C17 | D21: 0 | E21: =C21-D21
B22: Altro | C22: =Setup!C18 | D22: 0 | E22: =C22-D22
B23: Totale spese | C23: =SUM(C11:C22) | D23: =SUM(D11:D22) | E23: =SUM(E11:E22)

Sheet Settembre
B2: Settembre
B4: ENTRATE | C4: Pianificato | D4: Effettivo | G4: RIEPILOGO MESE
B5: Stipendio | C5: 0 | D5: 0 | G5: Entrate | H5: =D9
B6: Entrate extra | C6: 0 | D6: 0 | G6: Spese | H6: =D23
B7: Rimborsi | C7: 0 | D7: 0 | G7: Risparmio netto | H7: =D9-D23
B8: Altro | C8: 0 | D8: 0 | G8: Tasso di risparmio | H8: =IF(D9=0,0,(D9-D23)/D9)
B9: Totale entrate | C9: =SUM(C5:C8) | D9: =SUM(D5:D8)
B10: SPESE | C10: Budget | D10: Speso | E10: Differenza
B11: Affitto/Mutuo | C11: =Setup!C7 | D11: 0 | E11: =C11-D11
B12: Bollette | C12: =Setup!C8 | D12: 0 | E12: =C12-D12
B13: Spesa alimentare | C13: =Setup!C9 | D13: 0 | E13: =C13-D13
B14: Trasporti | C14: =Setup!C10 | D14: 0 | E14: =C14-D14
B15: Salute | C15: =Setup!C11 | D15: 0 | E15: =C15-D15
B16: Assicurazioni | C16: =Setup!C12 | D16: 0 | E16: =C16-D16
B17: Abbonamenti | C17: =Setup!C13 | D17: 0 | E17: =C17-D17
B18: Ristoranti/Bar | C18: =Setup!C14 | D18: 0 | E18: =C18-D18
B19: Shopping | C19: =Setup!C15 | D19: 0 | E19: =C19-D19
B20: Tempo libero | C20: =Setup!C16 | D20: 0 | E20: =C20-D20
B21: Risparmio/Investimenti | C21: =Setup!C17 | D21: 0 | E21: =C21-D21
B22: Altro | C22: =Setup!C18 | D22: 0 | E22: =C22-D22
B23: Totale spese | C23: =SUM(C11:C22) | D23: =SUM(D11:D22) | E23: =SUM(E11:E22)

Sheet Ottobre
B2: Ottobre
B4: ENTRATE | C4: Pianificato | D4: Effettivo | G4: RIEPILOGO MESE
B5: Stipendio | C5: 0 | D5: 0 | G5: Entrate | H5: =D9
B6: Entrate extra | C6: 0 | D6: 0 | G6: Spese | H6: =D23
B7: Rimborsi | C7: 0 | D7: 0 | G7: Risparmio netto | H7: =D9-D23
B8: Altro | C8: 0 | D8: 0 | G8: Tasso di risparmio | H8: =IF(D9=0,0,(D9-D23)/D9)
B9: Totale entrate | C9: =SUM(C5:C8) | D9: =SUM(D5:D8)
B10: SPESE | C10: Budget | D10: Speso | E10: Differenza
B11: Affitto/Mutuo | C11: =Setup!C7 | D11: 0 | E11: =C11-D11
B12: Bollette | C12: =Setup!C8 | D12: 0 | E12: =C12-D12
B13: Spesa alimentare | C13: =Setup!C9 | D13: 0 | E13: =C13-D13
B14: Trasporti | C14: =Setup!C10 | D14: 0 | E14: =C14-D14
B15: Salute | C15: =Setup!C11 | D15: 0 | E15: =C15-D15
B16: Assicurazioni | C16: =Setup!C12 | D16: 0 | E16: =C16-D16
B17: Abbonamenti | C17: =Setup!C13 | D17: 0 | E17: =C17-D17
B18: Ristoranti/Bar | C18: =Setup!C14 | D18: 0 | E18: =C18-D18
B19: Shopping | C19: =Setup!C15 | D19: 0 | E19: =C19-D19
B20: Tempo libero | C20: =Setup!C16 | D20: 0 | E20: =C20-D20
B21: Risparmio/Investimenti | C21: =Setup!C17 | D21: 0 | E21: =C21-D21
B22: Altro | C22: =Setup!C18 | D22: 0 | E22: =C22-D22
B23: Totale spese | C23: =SUM(C11:C22) | D23: =SUM(D11:D22) | E23: =SUM(E11:E22)

Sheet Novembre
B2: Novembre
B4: ENTRATE | C4: Pianificato | D4: Effettivo | G4: RIEPILOGO MESE
B5: Stipendio | C5: 0 | D5: 0 | G5: Entrate | H5: =D9
B6: Entrate extra | C6: 0 | D6: 0 | G6: Spese | H6: =D23
B7: Rimborsi | C7: 0 | D7: 0 | G7: Risparmio netto | H7: =D9-D23
B8: Altro | C8: 0 | D8: 0 | G8: Tasso di risparmio | H8: =IF(D9=0,0,(D9-D23)/D9)
B9: Totale entrate | C9: =SUM(C5:C8) | D9: =SUM(D5:D8)
B10: SPESE | C10: Budget | D10: Speso | E10: Differenza
B11: Affitto/Mutuo | C11: =Setup!C7 | D11: 0 | E11: =C11-D11
B12: Bollette | C12: =Setup!C8 | D12: 0 | E12: =C12-D12
B13: Spesa alimentare | C13: =Setup!C9 | D13: 0 | E13: =C13-D13
B14: Trasporti | C14: =Setup!C10 | D14: 0 | E14: =C14-D14
B15: Salute | C15: =Setup!C11 | D15: 0 | E15: =C15-D15
B16: Assicurazioni | C16: =Setup!C12 | D16: 0 | E16: =C16-D16
B17: Abbonamenti | C17: =Setup!C13 | D17: 0 | E17: =C17-D17
B18: Ristoranti/Bar | C18: =Setup!C14 | D18: 0 | E18: =C18-D18
B19: Shopping | C19: =Setup!C15 | D19: 0 | E19: =C19-D19
B20: Tempo libero | C20: =Setup!C16 | D20: 0 | E20: =C20-D20
B21: Risparmio/Investimenti | C21: =Setup!C17 | D21: 0 | E21: =C21-D21
B22: Altro | C22: =Setup!C18 | D22: 0 | E22: =C22-D22
B23: Totale spese | C23: =SUM(C11:C22) | D23: =SUM(D11:D22) | E23: =SUM(E11:E22)

Sheet Dicembre
B2: Dicembre
B4: ENTRATE | C4: Pianificato | D4: Effettivo | G4: RIEPILOGO MESE
B5: Stipendio | C5: 0 | D5: 0 | G5: Entrate | H5: =D9
B6: Entrate extra | C6: 0 | D6: 0 | G6: Spese | H6: =D23
B7: Rimborsi | C7: 0 | D7: 0 | G7: Risparmio netto | H7: =D9-D23
B8: Altro | C8: 0 | D8: 0 | G8: Tasso di risparmio | H8: =IF(D9=0,0,(D9-D23)/D9)
B9: Totale entrate | C9: =SUM(C5:C8) | D9: =SUM(D5:D8)
B10: SPESE | C10: Budget | D10: Speso | E10: Differenza
B11: Affitto/Mutuo | C11: =Setup!C7 | D11: 0 | E11: =C11-D11
B12: Bollette | C12: =Setup!C8 | D12: 0 | E12: =C12-D12
B13: Spesa alimentare | C13: =Setup!C9 | D13: 0 | E13: =C13-D13
B14: Trasporti | C14: =Setup!C10 | D14: 0 | E14: =C14-D14
B15: Salute | C15: =Setup!C11 | D15: 0 | E15: =C15-D15
B16: Assicurazioni | C16: =Setup!C12 | D16: 0 | E16: =C16-D16
B17: Abbonamenti | C17: =Setup!C13 | D17: 0 | E17: =C17-D17
B18: Ristoranti/Bar | C18: =Setup!C14 | D18: 0 | E18: =C18-D18
B19: Shopping | C19: =Setup!C15 | D19: 0 | E19: =C19-D19
B20: Tempo libero | C20: =Setup!C16 | D20: 0 | E20: =C20-D20
B21: Risparmio/Investimenti | C21: =Setup!C17 | D21: 0 | E21: =C21-D21
B22: Altro | C22: =Setup!C18 | D22: 0 | E22: =C22-D22
B23: Totale spese | C23: =SUM(C11:C22) | D23: =SUM(D11:D22) | E23: =SUM(E11:E22)

Sheet 🎯 Obiettivi
B2: 🎯 Obiettivi di risparmio
B4: Obiettivo | C4: Target (€) | D4: Risparmiato (€) | E4: Mancano (€) | F4: Completato
B5: Fondo emergenza | C5: 0 | D5: 0 | E5: =MAX(0,C5-D5) | F5: =IF(C5=0,0,D5/C5)
B6: Vacanza | C6: 0 | D6: 0 | E6: =MAX(0,C6-D6) | F6: =IF(C6=0,0,D6/C6)
B7: Auto nuova | C7: 0 | D7: 0 | E7: =MAX(0,C7-D7) | F7: =IF(C7=0,0,D7/C7)
B8: Anticipo casa | C8: 0 | D8: 0 | E8: =MAX(0,C8-D8) | F8: =IF(C8=0,0,D8/C8)
C9: 0 | D9: 0 | E9: =MAX(0,C9-D9) | F9: =IF(C9=0,0,D9/C9)
C10: 0 | D10: 0 | E10: =MAX(0,C10-D10) | F10: =IF(C10=0,0,D10/C10)
C11: 0 | D11: 0 | E11: =MAX(0,C11-D11) | F11: =IF(C11=0,0,D11/C11)
C12: 0 | D12: 0 | E12: =MAX(0,C12-D12) | F12: =IF(C12=0,0,D12/C12)
